City_ID,City,Country,Date,Lat,Lng,Max Temp,Humidity,Cloudiness,Wind Speed
0,Ribeira Grande,PT,2022-04-13 19:26:13,38.5167,-28.7,63.0,72,20,24.16
1,Ocos,GT,2022-04-13 19:26:13,14.5094,-92.1933,91.58,60,9,12.82
2,Punta Arenas,CL,2022-04-13 19:22:25,-53.15,-70.9167,57.31,62,40,23.02
3,Belyy Yar,RU,2022-04-13 19:26:14,53.6039,91.3903,25.86,64,0,2.24
4,Natchez,US,2022-04-13 19:25:25,31.5604,-91.4032,82.62,74,75,24.16
5,Pisco,PE,2022-04-13 19:24:55,-13.7,-76.2167,69.03,73,0,8.05
6,Kapaa,US,2022-04-13 19:25:24,22.0752,-159.319,78.78,84,75,11.5
7,Yellowknife,CA,2022-04-13 19:26:14,62.456,-114.3525,15.3,58,20,6.91
8,Constitucion,CL,2022-04-13 19:26:15,-35.3333,-72.4167,64.44,48,0,14.12
9,Atar,MR,2022-04-13 19:26:15,20.5169,-13.0499,88.41,9,0,13.0
10,Vaini,TO,2022-04-13 19:26:15,-21.2,-175.2,77.16,94,40,5.75
11,Nome,US,2022-04-13 19:26:16,64.5011,-165.4064,37.47,60,0,11.5
12,Buala,SB,2022-04-13 19:26:16,-8.145,159.5921,79.65,78,15,6.53
13,Kutum,SD,2022-04-13 19:26:16,14.2,24.6667,78.73,12,0,8.32
14,Ushuaia,AR,2022-04-13 19:26:17,-54.8,-68.3,55.06,67,20,16.11
15,Hilo,US,2022-04-13 19:26:17,19.7297,-155.09,80.28,78,100,4.61
16,Valley City,US,2022-04-13 19:26:17,46.9233,-98.0032,30.72,86,100,24.16
17,Port Elizabeth,ZA,2022-04-13 19:26:18,-33.918,25.5701,64.09,88,40,13.8
18,Souillac,MU,2022-04-13 19:26:18,-20.5167,57.5167,77.38,88,40,16.11
19,Noshiro,JP,2022-04-13 19:26:18,40.2039,140.0242,43.36,74,100,4.07
20,Barao De Melgaco,BR,2022-04-13 19:26:18,-16.1944,-55.9675,91.18,49,89,4.68
21,Rikitea,PF,2022-04-13 19:26:19,-23.1203,-134.9692,78.75,68,14,16.75
22,Bluff,NZ,2022-04-13 19:26:19,-46.6,168.3333,43.81,85,100,14.7
23,Dikson,RU,2022-04-13 19:26:20,73.5069,80.5464,26.96,97,100,13.35
24,Tailai,CN,2022-04-13 19:26:20,46.3833,123.4,41.32,31,100,6.69
25,Aklavik,CA,2022-04-13 19:26:20,68.2191,-135.0107,12.2,52,75,10.36
26,Karratha,AU,2022-04-13 19:26:20,-20.7377,116.8463,79.86,46,5,6.22
27,Pangai,TO,2022-04-13 19:26:21,-19.8,-174.35,78.91,78,20,4.61
28,Lovozero,RU,2022-04-13 19:26:21,68.005,35.0117,18.52,97,92,3.06
29,Sept-Iles,CA,2022-04-13 19:26:21,50.2001,-66.3821,40.05,75,75,10.36
30,Lompoc,US,2022-04-13 19:25:22,34.6391,-120.4579,73.02,45,0,20.71
31,Provideniya,RU,2022-04-13 19:26:22,64.3833,-173.3,19.94,92,100,18.28
32,Evensk,RU,2022-04-13 19:26:22,61.95,159.2333,20.5,86,100,11.14
33,Kavaratti,IN,2022-04-13 19:26:23,10.5669,72.642,82.42,75,100,6.93
34,Bredasdorp,ZA,2022-04-13 19:26:23,-34.5322,20.0403,64.29,86,100,7.92
35,Tiksi,RU,2022-04-13 19:26:23,71.6872,128.8694,-14.26,100,100,1.79
36,Jacqueville,CI,2022-04-13 19:26:24,5.2052,-4.4146,81.68,81,100,11.77
37,Villarrica,PY,2022-04-13 19:26:24,-25.75,-56.4333,74.55,76,99,9.28
38,Bandarbeyla,SO,2022-04-13 19:25:20,9.4942,50.8122,81.52,78,0,8.68
39,Albany,US,2022-04-13 19:26:24,42.6001,-73.9662,74.05,63,90,6.96
40,Tual,ID,2022-04-13 19:26:25,-5.6667,132.75,83.28,74,100,6.22
41,Rochester,US,2022-04-13 19:24:54,43.1548,-77.6156,74.03,67,100,16.11
42,Thio,NC,2022-04-13 19:26:25,-21.6167,166.2167,67.96,86,19,4.45
43,Kenai,US,2022-04-13 19:26:25,60.5544,-151.2583,44.02,79,0,9.22
44,Katsuura,JP,2022-04-13 19:26:26,35.1333,140.3,58.84,95,100,17.96
45,Ancud,CL,2022-04-13 19:26:26,-41.8697,-73.8203,62.22,74,64,6.4
46,San Vicente,AR,2022-04-13 19:27:26,-26.6167,-54.1333,73.96,68,94,4.36
47,Ketchikan,US,2022-04-13 19:27:27,55.3422,-131.6461,37.87,25,0,9.22
48,Ascension,US,2022-04-13 19:27:27,30.2169,-90.9001,84.2,70,100,18.41
49,Upernavik,GL,2022-04-13 19:27:27,72.7868,-56.1549,3.04,87,100,10.02
50,Mataura,NZ,2022-04-13 19:27:28,-46.1927,168.8643,43.48,98,56,3.42
51,Victoria,HK,2022-04-13 19:26:27,22.2855,114.1577,76.32,82,31,5.01
52,Abu Zabad,SD,2022-04-13 19:27:28,12.35,29.25,87.85,13,13,9.15
53,Lavrentiya,RU,2022-04-13 19:27:28,65.5833,-171.0,17.91,90,80,10.45
54,New Norfolk,AU,2022-04-13 19:27:29,-42.7826,147.0587,51.3,74,100,3.29
55,Busselton,AU,2022-04-13 19:27:29,-33.65,115.3333,53.42,86,0,8.75
56,Beidao,CN,2022-04-13 19:27:29,34.5686,105.8933,52.02,76,100,4.72
57,Tasiilaq,GL,2022-04-13 19:27:30,65.6145,-37.6368,32.16,73,100,4.97
58,Cherskiy,RU,2022-04-13 19:27:30,68.75,161.3,-1.08,94,95,6.08
59,Nicoya,CR,2022-04-13 19:27:30,10.1483,-85.452,96.71,35,74,5.08
60,Rock Springs,US,2022-04-13 19:27:31,41.5875,-109.2029,29.23,51,100,12.66
61,Qaanaaq,GL,2022-04-13 19:27:31,77.484,-69.3632,1.87,91,100,7.34
62,Buraydah,SA,2022-04-13 19:27:31,26.326,43.975,82.85,19,90,11.1
63,Tokur,RU,2022-04-13 19:27:32,53.1333,132.9,1.38,100,100,1.16
64,Gaogou,CN,2022-04-13 19:27:32,34.0175,119.1886,44.17,91,0,8.14
65,Naze,JP,2022-04-13 19:27:32,28.3667,129.4833,68.92,90,41,8.72
66,Tuktoyaktuk,CA,2022-04-13 19:27:33,69.4541,-133.0374,1.4,71,20,18.41
67,Yar-Sale,RU,2022-04-13 19:27:33,66.8333,70.8333,33.57,100,100,4.59
68,Kahului,US,2022-04-13 19:26:03,20.8947,-156.47,80.62,54,40,18.41
69,Torbay,CA,2022-04-13 19:27:34,47.6666,-52.7314,37.27,92,100,19.57
70,Cape Town,ZA,2022-04-13 19:25:34,-33.9258,18.4232,65.88,85,0,19.57
71,Viedma,AR,2022-04-13 19:27:34,-40.8135,-62.9967,63.82,47,46,12.82
72,Flinders,AU,2022-04-13 19:27:34,-34.5833,150.8552,60.19,93,71,5.01
73,Aitape,PG,2022-04-13 19:27:35,-3.1374,142.3475,78.89,77,91,4.32
74,West Wendover,US,2022-04-13 19:27:35,40.7391,-114.0733,42.01,24,0,23.02
75,Berlevag,NO,2022-04-13 19:27:35,70.8578,29.0864,26.55,68,0,5.75
76,Clyde River,CA,2022-04-13 19:27:36,70.4692,-68.5914,-1.97,84,20,3.44
77,Komsomolskiy,UZ,2022-04-13 19:27:36,40.4272,71.7189,68.72,42,3,6.91
78,Khor,RU,2022-04-13 19:27:36,47.8861,134.9464,31.82,83,12,5.17
79,Dharchula,IN,2022-04-13 19:27:37,29.85,80.5333,66.02,44,40,7.23
80,Gillette,US,2022-04-13 19:27:37,44.2911,-105.5022,17.11,72,100,31.07
81,Avarua,CK,2022-04-13 19:27:37,-21.2078,-159.775,78.85,94,20,2.3
82,Codrington,AU,2022-04-13 19:27:37,-38.2667,141.9667,52.7,82,94,6.55
83,Port Hardy,CA,2022-04-13 19:27:38,50.6996,-127.4199,46.58,57,75,11.5
84,Isangel,VU,2022-04-13 19:27:38,-19.55,169.2667,77.38,86,9,5.75
85,Georgetown,MY,2022-04-13 19:27:38,5.4112,100.3354,78.75,94,40,2.3
86,Fairbanks,US,2022-04-13 19:26:09,64.8378,-147.7164,37.92,48,0,3.44
87,Saint-Philippe,RE,2022-04-13 19:27:39,-21.3585,55.7679,74.79,90,83,17.16
88,Chuy,UY,2022-04-13 19:27:39,-33.6971,-53.4616,69.31,37,18,10.33
89,Atherton,GB,2022-04-13 19:27:40,53.5237,-2.4935,55.74,79,1,1.01
90,Thompson,CA,2022-04-13 19:27:40,55.7435,-97.8558,28.56,50,40,20.71
91,College,US,2022-04-13 19:23:40,64.8569,-147.8028,37.9,48,75,3.44
92,Marsh Harbour,BS,2022-04-13 19:27:40,26.5412,-77.0636,76.26,63,87,16.89
93,Gorele,TR,2022-04-13 19:28:41,41.0308,39.0031,41.43,67,4,5.64
94,Yukamenskoye,RU,2022-04-13 19:28:41,57.8865,52.2416,34.86,100,100,0.72
95,Guerrero Negro,MX,2022-04-13 19:28:05,27.9769,-114.0611,70.21,35,20,10.0
96,Carmelo,UY,2022-04-13 19:28:41,-33.9892,-58.2856,66.09,35,0,9.42
97,Severo-Kurilsk,RU,2022-04-13 19:28:42,50.6789,156.125,28.9,93,100,20.38
98,Havre-Saint-Pierre,CA,2022-04-13 19:25:18,50.2334,-63.5986,37.76,87,100,6.91
99,Sola,VU,2022-04-13 19:28:42,-13.8833,167.55,81.57,75,15,11.1
100,Hobart,AU,2022-04-13 19:28:42,-42.8794,147.3294,51.66,84,99,9.22
101,Madimba,TZ,2022-04-13 19:27:14,-10.4,40.3333,77.74,87,84,6.04
102,Port Alfred,ZA,2022-04-13 19:28:43,-33.5906,26.891,63.18,94,4,5.99
103,Brae,GB,2022-04-13 19:28:43,60.3964,-1.353,43.7,76,28,15.01
104,Tuatapere,NZ,2022-04-13 19:28:44,-46.1333,167.6833,43.83,87,98,5.41
105,Puerto Ayora,EC,2022-04-13 19:28:44,-0.7393,-90.3518,84.16,77,69,10.71
106,Shimoda,JP,2022-04-13 19:28:44,34.6667,138.95,62.1,92,97,4.27
107,Husavik,IS,2022-04-13 19:28:45,66.0449,-17.3389,38.17,83,52,8.97
108,Shuya,RU,2022-04-13 19:28:45,56.8487,41.3883,38.53,90,100,11.95
109,Lujan,AR,2022-04-13 19:28:45,-34.5703,-59.105,70.02,39,6,3.0
110,Bhavani,IN,2022-04-13 19:28:46,11.45,77.6833,76.62,90,100,7.23
111,Longyearbyen,SJ,2022-04-13 19:28:46,78.2186,15.6401,19.24,73,75,8.05
112,Puerto Ayacucho,VE,2022-04-13 19:28:46,5.6639,-67.6236,94.82,40,93,4.52
113,Nikolskoye,RU,2022-04-13 19:28:47,59.7035,30.7861,36.81,93,80,2.95
114,Khudumelapye,BW,2022-04-13 19:28:47,-23.8833,24.75,69.78,45,84,7.49
115,Chifeng,CN,2022-04-13 19:28:47,42.2683,118.9636,40.37,49,0,2.98
116,Kualakapuas,ID,2022-04-13 19:28:48,-3.0091,114.3876,73.69,97,65,1.05
117,Puerto Escondido,MX,2022-04-13 19:28:48,15.85,-97.0667,88.63,66,0,11.5
118,Cidreira,BR,2022-04-13 19:28:48,-30.1811,-50.2056,68.13,76,100,10.22
119,Leningradskiy,RU,2022-04-13 19:28:49,69.3833,178.4167,-4.18,96,100,11.27
120,Bonavista,CA,2022-04-13 19:28:49,48.6499,-53.1147,32.04,94,100,24.61
121,Atuona,PF,2022-04-13 19:28:49,-9.8,-139.0333,78.6,79,51,17.87
122,Jamestown,US,2022-04-13 19:27:23,42.097,-79.2353,71.94,62,100,5.75
123,Hermanus,ZA,2022-04-13 19:28:50,-34.4187,19.2345,64.8,86,100,10.2
124,Vardo,NO,2022-04-13 19:28:50,70.3705,31.1107,22.98,74,0,4.61
125,Marzuq,YE,2022-04-13 19:28:50,14.4,46.4667,74.41,27,0,7.58
126,Broome,US,2022-04-13 19:28:51,42.2506,-75.833,76.98,64,100,16.11
127,Harbour Breton,CA,2022-04-13 19:28:51,47.4833,-55.7983,40.06,73,100,13.29
128,Auki,SB,2022-04-13 19:28:51,-8.7676,160.7034,76.64,85,13,3.31
129,Amapa,BR,2022-04-13 19:28:52,1.0,-52.0,77.67,96,100,4.7
130,Windhoek,NA,2022-04-13 19:28:52,-22.5594,17.0832,70.0,13,36,4.61
131,Wajima,JP,2022-04-13 19:28:52,37.4,136.9,49.8,84,100,21.54
132,Hithadhoo,MV,2022-04-13 19:28:53,-0.6,73.0833,83.75,72,100,11.48
133,Grindavik,IS,2022-04-13 19:28:53,63.8424,-22.4338,46.35,81,100,16.11
134,Lebu,CL,2022-04-13 19:27:34,-37.6167,-73.65,56.16,70,0,20.54
135,Saint-Augustin,CA,2022-04-13 19:28:53,51.226,-58.6502,36.05,99,96,2.95
136,Whitehorse,CA,2022-04-13 19:27:00,60.7161,-135.0538,25.11,38,0,0.0
137,Yuli,NG,2022-04-13 19:28:54,9.6989,10.2744,90.34,42,63,4.45
138,Walvis Bay,NA,2022-04-13 19:28:54,-22.9575,14.5053,58.08,94,33,2.3
139,Meulaboh,ID,2022-04-13 19:28:54,4.1363,96.1285,77.02,89,96,3.11
140,Odienne,CI,2022-04-13 19:28:55,9.51,-7.5692,90.3,33,29,3.27
141,East London,ZA,2022-04-13 19:29:26,-33.0153,27.9116,70.48,86,23,3.94
142,Skibbereen,IE,2022-04-13 19:29:55,51.55,-9.2667,53.11,94,25,6.38
143,Iberia,US,2022-04-13 19:29:55,29.9502,-91.7507,79.05,78,100,25.32
144,Fort Nelson,CA,2022-04-13 19:29:56,58.8053,-122.7002,20.79,38,0,5.75
145,Lobatse,BW,2022-04-13 19:29:56,-25.2167,25.6667,62.53,47,99,3.44
146,Kaitangata,NZ,2022-04-13 19:29:56,-46.2817,169.8464,42.1,93,40,6.71
147,Camacha,PT,2022-04-13 19:29:57,33.0833,-16.3333,60.22,67,40,9.22
148,Ostrovnoy,RU,2022-04-13 19:29:57,68.0531,39.5131,15.64,94,100,5.12
149,Buenos Aires,AR,2022-04-13 19:26:23,-34.6132,-58.3772,69.53,33,0,5.75
150,Yulara,AU,2022-04-13 19:29:58,-25.2406,130.9889,78.64,27,75,8.05
151,Yabelo,ET,2022-04-13 19:29:58,4.8833,38.0833,64.13,70,28,6.13
152,Khatanga,RU,2022-04-13 19:29:58,71.9667,102.5,11.84,95,100,9.15
153,Bengkulu,ID,2022-04-13 19:29:59,-3.8004,102.2655,76.12,87,95,3.31
154,Kjollefjord,NO,2022-04-13 19:29:59,70.9457,27.3465,33.85,82,100,6.62
155,Vila Velha,BR,2022-04-13 19:29:59,-20.3297,-40.2925,85.95,79,0,17.27
156,Abu Dhabi,AE,2022-04-13 19:30:00,24.4667,54.3667,86.11,53,0,2.3
157,Barrow,US,2022-04-13 19:27:21,71.2906,-156.7887,-5.78,92,0,5.75
158,Luderitz,NA,2022-04-13 19:30:00,-26.6481,15.1594,62.62,83,4,10.8
159,Ulaangom,MN,2022-04-13 19:29:45,49.9811,92.0667,27.88,41,99,3.8
160,Pringsewu,ID,2022-04-13 19:30:01,-5.3582,104.9744,73.51,96,100,3.65
161,Butaritari,KI,2022-04-13 19:29:23,3.0707,172.7902,81.07,77,99,16.55
162,Norman Wells,CA,2022-04-13 19:30:02,65.282,-126.8329,21.24,35,75,2.3
163,Arraial Do Cabo,BR,2022-04-13 19:30:03,-22.9661,-42.0278,85.96,74,0,11.5
164,Port Lincoln,AU,2022-04-13 19:30:04,-34.7333,135.8667,66.49,73,100,5.23
165,Belmonte,BR,2022-04-13 19:30:05,-15.8631,-38.8828,81.43,74,76,8.03
166,Dolores,AR,2022-04-13 19:30:06,-36.3132,-57.6792,65.55,40,0,10.54
167,Christchurch,NZ,2022-04-13 19:30:01,-43.5333,172.6333,42.94,92,100,0.0
168,Salalah,OM,2022-04-13 19:29:23,17.0151,54.0924,80.69,94,0,2.3
169,Saldanha,ZA,2022-04-13 19:30:07,-33.0117,17.9442,62.85,91,100,19.46
170,San Patricio,US,2022-04-13 19:30:08,28.017,-97.5169,93.29,37,53,9.93
171,Kosonsoy,UZ,2022-04-13 19:30:08,41.2561,71.5508,61.36,54,5,6.11
172,La Ronge,CA,2022-04-13 19:30:09,55.1001,-105.2842,19.62,57,75,12.66
173,Bridlington,GB,2022-04-13 19:29:35,54.0831,-0.1919,55.33,82,13,8.99
174,Pimentel,PE,2022-04-13 19:30:09,-6.8367,-79.9342,75.49,57,0,19.57
175,Sinnamary,GF,2022-04-13 19:30:10,5.3833,-52.95,79.56,80,46,12.53
176,Stokmarknes,NO,2022-04-13 19:30:11,68.5646,14.9108,33.76,93,20,4.61
177,Ossora,RU,2022-04-13 19:30:11,59.2353,163.0719,21.88,91,100,5.57
178,Mar Del Plata,AR,2022-04-13 19:28:29,-38.0023,-57.5575,66.22,77,0,12.66
179,Gunnedah,AU,2022-04-13 19:30:11,-30.9833,150.25,53.67,91,0,5.61
180,Zavodoukovsk,RU,2022-04-13 19:30:12,56.5042,66.5515,44.55,70,100,12.66
181,Cockburn Town,TC,2022-04-13 19:30:12,21.4612,-71.1419,80.56,69,75,17.27
182,Nouadhibou,MR,2022-04-13 19:30:12,20.931,-17.0347,67.98,73,0,20.71
183,Westport,US,2022-04-13 19:30:13,41.1415,-73.3579,76.33,57,6,4.0
184,Caborca,MX,2022-04-13 19:29:14,30.5838,-111.101,70.57,7,0,3.76
185,Warri,NG,2022-04-13 19:30:13,5.5167,5.75,75.79,92,100,2.91
186,Contamana,PE,2022-04-13 19:30:14,-7.3333,-75.0167,86.59,57,90,6.08
187,Airai,TL,2022-04-13 19:30:14,-8.9266,125.4092,59.77,93,100,2.28
188,Nioro,GM,2022-04-13 19:31:14,13.35,-15.75,81.41,43,35,12.68
189,Aksha,RU,2022-04-13 19:31:15,50.2814,113.2867,25.21,53,3,2.66
190,Carnarvon,AU,2022-04-13 19:31:05,-24.8667,113.6333,68.07,60,0,13.8
191,Umbuzeiro,BR,2022-04-13 19:31:15,-7.6956,-35.6636,79.36,62,89,8.66
192,Fukuma,JP,2022-04-13 19:31:16,33.7667,130.4667,59.29,95,100,6.6
193,Hirara,JP,2022-04-13 19:31:16,24.8,125.2833,74.07,86,11,8.19
194,Hofn,IS,2022-04-13 19:30:40,64.2539,-15.2082,39.22,87,100,13.8
195,Yerbogachen,RU,2022-04-13 19:30:31,61.2767,108.0108,30.69,96,100,15.52
196,Tartagal,AR,2022-04-13 19:31:17,-22.5164,-63.8013,66.52,97,99,6.06
197,Mahibadhoo,MV,2022-04-13 19:31:17,3.7833,72.9667,83.75,76,100,14.54
198,Aykhal,RU,2022-04-13 19:29:56,66.0,111.5,19.54,95,97,14.52
199,Castro,BR,2022-04-13 19:31:18,-24.7911,-50.0119,67.59,90,100,3.76
200,Shebunino,RU,2022-04-13 19:31:18,46.4339,141.8603,31.05,83,14,4.14
201,Fortuna,US,2022-04-13 19:31:18,40.5982,-124.1573,51.98,76,100,8.05
202,Khvorostyanka,RU,2022-04-13 19:31:19,52.6096,48.9597,51.66,82,100,12.06
203,Baykit,RU,2022-04-13 19:31:19,61.67,96.37,35.71,87,100,12.53
204,Raudeberg,NO,2022-04-13 19:31:20,61.9875,5.1352,45.27,78,100,5.55
205,Vostok,RU,2022-04-13 19:31:20,46.4856,135.8833,20.1,94,22,4.21
206,Chengde,CN,2022-04-13 19:28:31,40.9725,117.9361,43.92,38,8,1.83
207,Gat,IL,2022-04-13 19:30:04,31.61,34.7642,59.81,100,36,7.56
208,Moron,AR,2022-04-13 19:31:20,-34.6534,-58.6198,69.8,37,3,7.07
209,Lazaro Cardenas,MX,2022-04-13 19:28:59,17.9583,-102.2,83.35,64,100,9.37
210,Limbus,SI,2022-04-13 19:31:21,46.5536,15.5836,57.61,66,0,4.0
211,Acajutla,SV,2022-04-13 19:31:21,13.5928,-89.8275,87.21,60,99,9.66
212,Vallenar,CL,2022-04-13 19:30:23,-28.5708,-70.7581,78.69,28,0,8.21
213,Umtata,ZA,2022-04-13 19:31:22,-31.5889,28.7844,63.16,100,32,2.3
214,Sonqor,IR,2022-04-13 19:31:22,34.7837,47.6004,48.6,30,10,4.83
215,Rundu,NA,2022-04-13 19:31:23,-17.9333,19.7667,72.88,51,98,6.02
216,Aragarcas,BR,2022-04-13 19:31:23,-15.8975,-52.2508,92.05,49,40,3.44
217,Alofi,NU,2022-04-13 19:31:23,-19.0595,-169.9187,76.89,94,12,1.14
218,Zhanaozen,KZ,2022-04-13 19:31:23,43.3,52.8,54.32,53,1,13.2
219,Mahebourg,MU,2022-04-13 19:31:24,-20.4081,57.7,79.25,88,40,16.11
220,Verkhnevilyuysk,RU,2022-04-13 19:31:24,63.4453,120.3167,27.28,96,100,8.52
221,Beringovskiy,RU,2022-04-13 19:31:24,63.05,179.3167,24.57,96,100,9.66
222,Konibodom,TJ,2022-04-13 19:31:25,40.2843,70.4426,72.91,39,0,12.15
223,Santa Rosa,PH,2022-04-13 19:31:25,14.3122,121.1114,81.1,86,77,3.62
224,Florence,IT,2022-04-13 19:31:26,43.7667,11.25,63.73,53,96,4.83
225,Mawlaik,MM,2022-04-13 19:31:26,23.6333,94.4167,77.74,58,64,1.66
226,Texarkana,US,2022-04-13 19:28:29,33.4251,-94.0477,73.62,91,100,11.5
227,Fort-Shevchenko,KZ,2022-04-13 19:31:26,44.5086,50.263,49.73,77,100,11.72
228,Kruisfontein,ZA,2022-04-13 19:31:27,-34.0033,24.7314,60.89,78,100,8.05
229,Iqaluit,CA,2022-04-13 19:29:51,63.7506,-68.5145,4.73,65,20,27.63
230,Harper,LR,2022-04-13 19:31:27,4.375,-7.7169,79.86,85,100,11.21
231,Tabas,IR,2022-04-13 19:32:28,33.5959,56.9244,82.56,15,94,0.98
232,Sergiyevsk,RU,2022-04-13 19:32:28,53.9413,51.165,45.36,81,32,9.98
233,Pomorie,BG,2022-04-13 19:32:28,42.5588,27.6439,48.18,75,6,11.5
234,Puerto Penasco,MX,2022-04-13 19:32:29,31.3167,-113.5333,69.91,40,4,7.0
235,Nanortalik,GL,2022-04-13 19:32:29,60.1432,-45.2371,38.88,74,100,2.98
236,Bethel,US,2022-04-13 19:29:14,41.3712,-73.414,76.03,50,0,10.36
237,Gannan,CN,2022-04-13 19:32:29,47.9147,123.5031,34.68,45,44,8.57
238,San Quintin,MX,2022-04-13 19:31:24,30.4833,-115.95,65.05,44,63,15.5
239,Kangaatsiaq,GL,2022-04-13 19:32:30,68.3065,-53.4641,7.63,90,100,12.1
240,Ilulissat,GL,2022-04-13 19:32:30,69.2167,-51.1,21.22,79,75,8.05
241,Sumenep,ID,2022-04-13 19:32:31,-7.0167,113.8667,78.15,76,58,3.78
242,Stranda,NO,2022-04-13 19:32:31,62.3096,6.9358,39.56,84,100,3.51
243,Kodiak,US,2022-04-13 19:32:31,57.79,-152.4072,42.31,52,0,16.11
244,Fereydun Kenar,IR,2022-04-13 19:32:32,36.6864,52.5225,57.42,82,100,0.0
245,Narsaq,GL,2022-04-13 19:31:48,60.9167,-46.05,52.02,55,99,10.04
246,Eston,CA,2022-04-13 19:32:32,51.1501,-108.7514,20.03,59,100,17.29
247,Amnat Charoen,TH,2022-04-13 19:32:32,15.9167,104.75,80.62,58,61,2.64
248,Mastic Beach,US,2022-04-13 19:32:33,40.7668,-72.8521,67.17,78,0,12.66
249,Abha,SA,2022-04-13 19:32:33,18.2164,42.5053,68.25,28,0,4.61
250,Belen,TR,2022-04-13 19:32:33,36.4891,36.2233,50.14,26,0,4.61
251,Chokurdakh,RU,2022-04-13 19:32:34,70.6333,147.9167,-17.68,100,71,3.36
252,Tuy Hoa,VN,2022-04-13 19:32:34,13.0833,109.3,75.72,94,95,3.04
253,Cabo San Lucas,MX,2022-04-13 19:31:27,22.8909,-109.9124,87.1,57,20,11.5
254,Lafiagi,NG,2022-04-13 19:32:34,8.8667,5.4167,82.27,64,100,6.51
255,Padang,ID,2022-04-13 19:32:35,-0.9492,100.3543,78.13,86,100,2.91
256,Zambezi,ZM,2022-04-13 19:32:35,-13.5432,23.1047,67.51,80,14,5.19
257,Gigmoto,PH,2022-04-13 19:31:42,13.7796,124.39,76.41,87,92,4.94
258,Northam,GB,2022-04-13 19:32:35,51.0333,-4.2167,53.62,88,48,3.47
259,Lorengau,PG,2022-04-13 19:32:36,-2.0226,147.2712,81.16,78,18,7.99
260,Bonita Springs,US,2022-04-13 19:30:26,26.3398,-81.7787,89.02,61,97,1.01
261,Kalengwa,ZM,2022-04-13 19:32:36,-13.4659,25.0027,69.19,76,91,5.5
262,Broken Hill,AU,2022-04-13 19:32:36,-31.95,141.4333,51.51,50,0,8.05
263,Khani,GE,2022-04-13 19:32:37,41.9563,42.9566,31.57,95,99,2.46
264,Giyon,ET,2022-04-13 19:32:37,8.5333,37.9833,61.66,80,99,2.86
265,Villamontes,BO,2022-04-13 19:32:38,-21.25,-63.5,73.06,82,80,6.89
266,Kavieng,PG,2022-04-13 19:29:51,-2.5744,150.7967,81.59,76,70,7.43
267,Anadyr,RU,2022-04-13 19:32:38,64.75,177.4833,27.1,86,40,13.42
268,Charters Towers,AU,2022-04-13 19:32:38,-20.1,146.2667,65.82,90,6,5.32
269,Mikhaylovka,RU,2022-04-13 19:32:39,50.06,43.2379,43.79,88,100,16.71
270,Xai-Xai,MZ,2022-04-13 19:32:39,-25.0519,33.6442,77.86,71,14,7.81
271,Sivaki,RU,2022-04-13 19:32:39,52.6333,126.75,22.69,61,0,8.12
272,Maun,BW,2022-04-13 19:32:40,-19.9833,23.4167,75.16,57,0,5.75
273,Ampanihy,MG,2022-04-13 19:32:40,-24.7,44.75,74.71,61,100,5.86
274,Coutances,FR,2022-04-13 19:32:40,49.05,-1.4333,53.42,80,89,2.62
275,Kyabe,TD,2022-04-13 19:32:41,9.4515,18.9449,82.83,52,96,4.65
276,Rio Negrinho,BR,2022-04-13 19:32:41,-26.2544,-49.5183,67.95,95,99,1.54
277,Vao,NC,2022-04-13 19:33:41,-22.6667,167.4833,75.16,67,0,1.97
278,Surt,LY,2022-04-13 19:33:42,31.2089,16.5887,68.36,52,100,25.34
279,Byron Bay,AU,2022-04-13 19:29:14,-28.65,153.6167,60.94,84,51,10.13
280,Woodway,US,2022-04-13 19:33:00,31.506,-97.205,87.96,22,0,21.85
281,Zyryanka,RU,2022-04-13 19:33:42,65.75,150.85,-5.19,100,100,7.74
282,Axim,GH,2022-04-13 19:32:31,4.8699,-2.2405,79.09,83,97,5.66
283,Point Pedro,LK,2022-04-13 19:33:43,9.8167,80.2333,80.82,82,100,8.68
284,Santiago De Chuco,PE,2022-04-13 19:33:43,-8.15,-78.1833,60.94,68,86,2.39
285,Srednekolymsk,RU,2022-04-13 19:33:43,67.45,153.6833,-14.13,100,100,5.21
286,Eyl,SO,2022-04-13 19:33:44,7.9803,49.8164,82.13,76,4,10.8
287,Falun,SE,2022-04-13 19:33:44,60.6036,15.626,37.94,94,100,4.45
288,Ziro,IN,2022-04-13 19:33:44,27.6333,93.8333,53.22,98,78,0.6
289,Mitsamiouli,KM,2022-04-13 19:33:45,-11.3847,43.2844,82.33,75,99,10.0
290,Yinchuan,CN,2022-04-13 19:33:45,38.4681,106.2731,48.43,18,100,6.49
291,Misratah,LY,2022-04-13 19:33:45,32.3754,15.0925,65.82,61,100,24.96
292,Mortka,RU,2022-04-13 19:33:46,59.3322,66.0214,37.4,92,97,7.81
293,Chauk,MM,2022-04-13 19:33:46,20.8833,94.8167,83.26,65,9,9.53
294,Betafo,MG,2022-04-13 19:33:46,-19.8333,46.85,60.12,95,62,5.59
295,Mpika,ZM,2022-04-13 19:33:47,-11.8343,31.4529,61.54,97,63,3.38
296,Lodja,CD,2022-04-13 19:33:47,-3.4833,23.4333,74.34,87,89,2.73
297,Emerald,AU,2022-04-13 19:33:47,-23.5333,148.1667,68.14,83,0,0.0
298,Saskylakh,RU,2022-04-13 19:29:55,71.9167,114.0833,-0.74,98,100,6.08
299,Inzhavino,RU,2022-04-13 19:33:48,52.3185,42.4937,51.48,89,100,8.79
300,Seydi,TM,2022-04-13 19:33:48,39.4816,62.9137,75.36,27,6,11.45
301,Diffa,NE,2022-04-13 19:33:48,13.3154,12.6113,89.76,15,67,6.91
302,Lasa,IT,2022-04-13 19:33:49,46.6166,10.7002,56.28,88,100,1.97
303,Paamiut,GL,2022-04-13 19:32:57,61.994,-49.6678,30.88,86,89,20.38
304,Yumen,CN,2022-04-13 19:33:49,40.2833,97.2,43.95,14,61,12.15
305,Mokrous,RU,2022-04-13 19:33:50,51.2333,47.5167,51.31,89,73,11.68
306,Havoysund,NO,2022-04-13 19:33:50,70.9963,24.6622,34.03,81,100,5.73
307,Bambous Virieux,MU,2022-04-13 19:33:50,-20.3428,57.7575,79.21,88,40,16.11
308,Nowy Targ,PL,2022-04-13 19:33:51,49.4778,20.0323,45.84,70,2,3.51
309,Leland,US,2022-04-13 19:33:25,34.2563,-78.0447,81.1,55,0,21.85
310,Zheleznodorozhnyy,RU,2022-04-13 19:33:51,55.7503,38.0042,41.22,83,100,11.14
311,Kabo,CF,2022-04-13 19:33:52,7.6994,18.629,76.08,72,73,0.94
312,Ugoofaaru,MV,2022-04-13 19:33:52,5.6667,73.0,84.74,72,100,11.92
313,Keti Bandar,PK,2022-04-13 19:33:52,24.1447,67.4497,79.43,79,0,8.7
314,Palmer,US,2022-04-13 19:33:53,42.1584,-72.3287,74.8,37,75,19.57
315,Saint George,US,2022-04-13 19:30:11,37.1041,-113.5841,58.78,11,0,8.05
316,Lagdo,CM,2022-04-13 19:33:53,9.05,13.7333,84.11,52,72,1.39
317,Chokwe,MZ,2022-04-13 19:33:53,-24.5333,32.9833,78.76,63,2,6.08
318,Voh,NC,2022-04-13 19:33:54,-20.9667,164.7,70.34,83,0,3.42
319,Shakawe,BW,2022-04-13 19:33:54,-18.3667,21.85,72.64,39,99,1.74
320,Yamada,JP,2022-04-13 19:33:54,39.4667,141.95,40.93,93,100,9.17
321,Porto Novo,BJ,2022-04-13 19:31:04,6.4965,2.6036,84.02,78,97,7.36
322,Mugumu,TZ,2022-04-13 19:34:55,-1.85,34.7,64.45,82,94,2.68
323,Vestmannaeyjar,IS,2022-04-13 19:34:56,63.4427,-20.2734,44.31,81,95,35.1
324,Olinda,BR,2022-04-13 19:34:56,-8.0089,-34.8553,83.93,65,0,8.05
325,Mazamari,PE,2022-04-13 19:34:56,-11.3258,-74.5308,86.95,55,70,1.21
326,Coihaique,CL,2022-04-13 19:30:57,-45.5752,-72.0662,62.55,45,20,9.22
327,Nokia,FI,2022-04-13 19:34:57,61.4667,23.5,40.01,57,0,4.61
328,Namatanai,PG,2022-04-13 19:34:57,-3.6667,152.4333,79.03,80,100,5.7
329,Puerto Leguizamo,CO,2022-04-13 19:34:58,-0.1934,-74.7819,77.45,93,100,2.33
330,Richards Bay,ZA,2022-04-13 19:34:58,-28.783,32.0377,73.47,74,100,12.35
331,Huanren,CN,2022-04-13 19:34:58,41.2647,125.3667,43.05,66,99,1.28
332,Sidi Ali,DZ,2022-04-13 19:34:59,36.0998,0.4206,54.27,83,74,13.56
333,Tautira,PF,2022-04-13 19:34:59,-17.7333,-149.15,80.44,77,40,19.19
334,Touros,BR,2022-04-13 19:30:56,-5.1989,-35.4608,81.3,73,7,9.44
335,Port Macquarie,AU,2022-04-13 19:35:00,-31.4333,152.9167,58.89,75,79,5.28
336,Boyolangu,ID,2022-04-13 19:35:00,-8.1181,111.8935,74.5,90,40,0.98
337,Saint-Pierre,RE,2022-04-13 19:35:01,-21.3393,55.4781,74.88,94,20,11.5
338,Chapais,CA,2022-04-13 19:35:01,49.7834,-74.8492,46.18,56,100,4.56
339,Cacapava Do Sul,BR,2022-04-13 19:35:01,-30.5122,-53.4914,64.08,66,58,5.12
340,Portland,US,2022-04-13 19:32:25,45.5234,-122.6762,46.62,85,75,9.22
341,Kuytun,RU,2022-04-13 19:35:02,54.3419,101.5036,27.48,77,5,4.21
342,Dunedin,NZ,2022-04-13 19:30:06,-45.8742,170.5036,48.79,81,13,5.77
343,Camara De Lobos,PT,2022-04-13 19:35:02,32.6333,-16.9667,66.7,88,20,12.66
344,Ishigaki,JP,2022-04-13 19:35:03,24.3448,124.1572,73.53,100,100,6.91
345,Esperance,AU,2022-04-13 19:31:34,-33.8667,121.9,62.44,85,100,16.58
346,Aktau,KZ,2022-04-13 19:35:03,43.65,51.2,48.78,65,1,11.39
347,Udachnyy,RU,2022-04-13 19:35:04,66.4167,112.4,21.45,92,98,10.54
348,Youghal,IE,2022-04-13 19:35:04,51.95,-7.8506,53.1,100,48,7.31
349,Hinton,CA,2022-04-13 19:35:04,53.4001,-117.5857,21.76,63,100,7.2
350,Sioux Lookout,CA,2022-04-13 19:35:05,50.1001,-91.917,32.07,86,100,10.36
351,Nakusp,CA,2022-04-13 19:35:05,50.2499,-117.8023,43.14,26,100,4.61
352,Taicheng,CN,2022-04-13 19:35:05,38.731,113.228,45.73,27,100,4.65
353,Lagoa,PT,2022-04-13 19:35:06,39.05,-27.9833,58.77,75,0,27.89
354,High Rock,BS,2022-04-13 19:35:06,26.6208,-78.2833,80.62,64,90,14.32
355,Arlit,NE,2022-04-13 19:35:06,18.7369,7.3853,93.34,7,100,7.87
356,Awjilah,LY,2022-04-13 19:35:07,29.1081,21.2869,69.62,20,51,13.42
357,Faanui,PF,2022-04-13 19:35:07,-16.4833,-151.75,81.9,69,7,14.56
358,Katsina,NG,2022-04-13 19:35:07,12.9894,7.6006,92.7,19,100,4.92
359,Inverell,AU,2022-04-13 19:35:08,-29.7833,151.1167,51.15,89,0,4.0
360,Ourossogui,SN,2022-04-13 19:35:08,15.6064,-13.3211,102.2,18,0,4.61
361,Baie-Comeau,CA,2022-04-13 19:32:47,49.2168,-68.1489,42.48,65,75,8.05
362,Thinadhoo,MV,2022-04-13 19:35:08,0.5333,72.9333,84.02,67,99,11.99
363,Visnes,NO,2022-04-13 19:35:09,59.3556,5.2242,47.82,87,75,2.3
364,Tadine,NC,2022-04-13 19:35:09,-21.55,167.8833,74.26,77,0,5.06
365,Makakilo City,US,2022-04-13 19:35:09,21.3469,-158.0858,79.12,58,20,10.36
366,Sooke,CA,2022-04-13 19:35:10,48.3746,-123.7276,48.56,65,100,11.5
367,Russell,US,2022-04-13 19:36:10,32.3502,-85.1999,78.08,63,75,9.22
368,Margate,GB,2022-04-13 19:35:47,51.3813,1.3862,55.69,71,0,3.0
369,Tuxpan,MX,2022-04-13 19:32:25,19.55,-103.4,90.81,22,100,7.7
370,Marawi,PH,2022-04-13 19:36:11,7.9986,124.2928,67.23,90,99,3.15
371,Tazovskiy,RU,2022-04-13 19:36:11,67.4667,78.7,25.45,98,100,6.15
372,Acapulco,MX,2022-04-13 19:36:12,16.8634,-99.8901,85.82,66,75,8.05
373,Quatre Cocos,MU,2022-04-13 19:36:12,-20.2078,57.7625,79.09,84,45,20.42
374,Hessisch Lichtenau,DE,2022-04-13 19:36:12,51.2,9.7167,59.52,89,96,3.13
375,Coracao De Jesus,BR,2022-04-13 19:36:13,-16.6853,-44.365,82.4,52,89,1.39
376,Mae Sai,TH,2022-04-13 19:36:13,20.4335,99.8762,75.18,42,4,2.24
377,Santiago Del Estero,AR,2022-04-13 19:31:31,-27.7951,-64.2615,71.38,50,6,1.21
378,Maniitsoq,GL,2022-04-13 19:36:13,65.4167,-52.9,25.05,82,21,18.3
379,Magadan,RU,2022-04-13 19:36:14,59.5667,150.8,14.22,77,100,7.14
380,Kloulklubed,PW,2022-04-13 19:36:14,7.0419,134.2556,79.3,80,99,18.45
381,Ayan,RU,2022-04-13 19:36:14,56.45,138.1667,22.53,73,92,11.97
382,Kabompo,ZM,2022-04-13 19:36:15,-13.5927,24.2008,65.71,84,21,5.61
383,The Pas,CA,2022-04-13 19:36:15,53.8251,-101.2541,26.62,74,100,9.22
384,Alegrete,BR,2022-04-13 19:36:16,-29.7831,-55.7919,69.76,58,97,10.89
385,Acarau,BR,2022-04-13 19:35:18,-2.8856,-40.12,81.01,80,69,9.35
386,Galveston,US,2022-04-13 19:36:16,29.3669,-94.9669,83.05,85,100,20.71
387,Lubango,AO,2022-04-13 19:36:16,-14.9172,13.4925,58.14,89,10,0.94
388,Liverpool,GB,2022-04-13 19:36:06,53.4106,-2.9779,55.94,80,0,6.91
389,Zhuhai,CN,2022-04-13 19:36:17,22.2769,113.5678,74.98,69,20,12.66
390,Vestmanna,FO,2022-04-13 19:36:17,62.1564,-7.1664,41.92,93,75,10.36
391,Santa Flavia,IT,2022-04-13 19:36:18,38.085,13.5351,58.37,74,100,4.0
392,Bangassou,CF,2022-04-13 19:36:18,4.7413,22.8184,73.04,86,100,6.73
393,Dingle,PH,2022-04-13 19:36:18,10.9995,122.6711,75.07,87,100,1.23
394,Nantucket,US,2022-04-13 19:36:19,41.2835,-70.0995,60.94,74,75,10.36
395,Fevik,NO,2022-04-13 19:36:19,58.3794,8.6766,42.57,93,100,12.8
396,Canita,PA,2022-04-13 19:36:19,9.2097,-78.8811,86.02,68,74,10.18
397,Lahar,IN,2022-04-13 19:36:19,26.1983,78.945,88.5,14,0,8.46
398,Talnakh,RU,2022-04-13 19:36:20,69.4865,88.3972,29.21,97,100,7.02
399,Rincon,US,2022-04-13 19:36:20,32.296,-81.2354,82.36,47,75,14.97
400,Vangaindrano,MG,2022-04-13 19:36:21,-23.35,47.6,72.32,92,68,5.03
401,Kamaishi,JP,2022-04-13 19:36:21,39.2667,141.8833,42.28,91,100,11.41
402,El Astillero,ES,2022-04-13 19:36:21,43.4009,-3.8205,58.87,87,20,1.14
403,Turukhansk,RU,2022-04-13 19:36:22,65.8167,87.9833,32.63,99,100,11.21
404,Sembe,CG,2022-04-13 19:36:22,1.6481,14.5806,70.48,98,100,2.71
405,Dezful,IR,2022-04-13 19:36:22,32.3811,48.4058,74.23,14,3,4.5
406,Lata,PT,2022-04-13 19:36:23,40.1629,-8.3327,51.4,96,23,2.24
407,Klaksvik,FO,2022-04-13 19:36:23,62.2266,-6.589,43.72,89,100,16.31
408,Ekangala,ZA,2022-04-13 19:36:23,-25.6962,28.7492,59.59,60,3,4.9
409,Acara,BR,2022-04-13 19:36:24,-1.9608,-48.1967,78.42,96,100,3.65
410,Oktyabrskiy,RU,2022-04-13 19:37:24,54.4815,53.471,42.17,89,4,5.01
411,Wattegama,LK,2022-04-13 19:37:24,6.7989,81.4808,74.57,92,100,3.04
412,Biltine,TD,2022-04-13 19:37:25,14.5333,20.9167,88.59,10,29,10.83
413,Lae,PG,2022-04-13 19:37:25,-6.7221,146.9847,74.57,87,93,7.25
414,Omsukchan,RU,2022-04-13 19:37:25,62.5333,155.8,6.4,93,100,6.4
415,Ponta Do Sol,PT,2022-04-13 19:37:26,32.6667,-17.1,66.7,80,100,2.13
416,Morondava,MG,2022-04-13 19:37:26,-20.2833,44.2833,80.38,76,5,5.59
417,Zakupne,UA,2022-04-13 19:37:26,49.1194,26.3376,44.55,61,96,9.26
418,Wewak,PG,2022-04-13 19:37:27,-3.5534,143.6268,78.67,82,86,5.19
419,Okha,RU,2022-04-13 19:37:27,53.5739,142.9478,12.13,94,63,8.5
420,Rolla,US,2022-04-13 19:37:27,37.9514,-91.7713,50.72,93,100,14.97
421,Talalayivka,UA,2022-04-13 19:37:28,50.9578,31.9209,42.51,91,100,14.7
422,Leshukonskoye,RU,2022-04-13 19:37:28,64.8989,45.7622,30.92,97,100,11.92
423,Saint-Georges,GD,2022-04-13 19:37:13,12.0564,-61.7485,87.48,58,40,23.02
424,Acari,PE,2022-04-13 19:37:28,-15.4311,-74.6158,77.92,53,0,9.55
425,Tabriz,IR,2022-04-13 19:37:29,38.08,46.2919,47.66,40,20,4.61
426,Esmeraldas,BR,2022-04-13 19:37:29,-19.7625,-44.3139,89.71,70,66,4.56
427,Sorland,NO,2022-04-13 19:37:29,67.667,12.6934,35.46,68,9,6.33
428,Aljezur,PT,2022-04-13 19:37:30,37.3191,-8.8033,56.61,89,5,14.03
429,Manado,ID,2022-04-13 19:33:10,1.487,124.8455,77.77,94,40,2.3
430,Matara,LK,2022-04-13 19:37:30,5.9485,80.5353,77.92,89,100,6.8
431,Bilibino,RU,2022-04-13 19:37:31,68.0546,166.4372,15.37,77,100,3.33
432,Baculin,PH,2022-04-13 19:37:31,7.4525,126.5842,76.87,84,100,3.49
433,Goroka,PG,2022-04-13 19:37:31,-6.0834,145.3873,60.03,96,93,0.96
434,Cap Malheureux,MU,2022-04-13 19:37:32,-19.9842,57.6142,79.47,82,17,8.99
435,Watsa,CD,2022-04-13 19:37:32,3.0372,29.5355,66.06,87,85,2.21
436,Betare Oya,CM,2022-04-13 19:37:32,5.6,14.0833,69.3,87,100,3.11
437,Chumikan,RU,2022-04-13 19:37:33,54.7183,135.315,7.74,92,19,8.12
438,Revda,RU,2022-04-13 19:37:33,56.801,59.9303,40.3,97,100,1.72
439,Soyo,AO,2022-04-13 19:37:33,-6.1349,12.3689,79.16,86,91,6.53
440,San Cristobal,VE,2022-04-13 19:37:34,7.7669,-72.225,86.18,41,100,7.94
441,Labuhan,ID,2022-04-13 19:37:34,-6.8844,112.2051,77.61,85,63,5.55
442,Benghazi,LY,2022-04-13 19:37:34,32.1167,20.0667,69.51,39,100,12.3
443,Pont-Sainte-Maxence,FR,2022-04-13 19:37:34,49.3017,2.6047,59.81,88,100,2.53
444,Zachary,US,2022-04-13 19:37:35,30.6485,-91.1565,83.73,83,75,23.02
445,Catumbela,AO,2022-04-13 19:37:35,-12.4314,13.5472,76.93,91,52,3.51
446,Na Wa,TH,2022-04-13 19:37:35,17.4897,104.1006,87.24,48,100,6.46
447,Saint-Joseph,RE,2022-04-13 19:37:36,-21.3667,55.6167,73.78,87,45,16.58
448,Miandrivazo,MG,2022-04-13 19:37:36,-19.5167,45.4667,77.76,76,29,1.23
449,Roald,NO,2022-04-13 19:37:37,62.5833,6.1333,43.32,70,0,18.41
450,North Augusta,US,2022-04-13 19:37:37,33.5018,-81.9651,83.37,51,40,12.66
451,Batsfjord,NO,2022-04-13 19:37:37,70.6345,29.7185,26.53,79,0,2.3
452,Shelburne,CA,2022-04-13 19:37:37,44.0787,-80.2041,69.91,79,100,15.48
453,Kota Kinabalu,MY,2022-04-13 19:37:38,5.9749,116.0724,76.98,88,20,5.99
454,Trofors,NO,2022-04-13 19:37:38,65.5333,13.4063,33.67,100,69,2.42
455,Akyab,MM,2022-04-13 19:37:38,20.15,92.9,80.83,81,23,3.98
456,Tingi,TZ,2022-04-13 19:37:39,-11.3,35.0333,63.79,96,70,3.78
457,Sendafa,ET,2022-04-13 19:38:39,9.15,39.0333,57.58,59,14,6.11
458,Alyangula,AU,2022-04-13 19:38:40,-13.8483,136.4192,75.07,100,62,0.0
459,Shenzhen,CN,2022-04-13 19:38:40,22.5455,114.0683,76.21,85,3,6.62
460,Flin Flon,CA,2022-04-13 19:38:40,54.7682,-101.865,22.84,80,100,14.97
461,Kharp,RU,2022-04-13 19:38:40,66.8014,65.8081,33.31,94,100,2.24
462,Neuquen,AR,2022-04-13 19:34:15,-38.9516,-68.0591,69.69,28,0,6.91
463,Mega,ET,2022-04-13 19:38:41,4.05,38.3,65.3,70,49,7.25
464,Iquitos,PE,2022-04-13 19:38:41,-3.7481,-73.2472,84.24,74,40,2.3
465,Urumqi,CN,2022-04-13 19:38:42,43.801,87.6005,49.15,20,0,6.71
466,Mao,ES,2022-04-13 19:38:42,39.8885,4.2658,57.76,88,75,16.11
467,Te Anau,NZ,2022-04-13 19:36:43,-45.4167,167.7167,41.99,87,68,0.92
468,Vuktyl,RU,2022-04-13 19:38:42,63.8567,57.3094,35.46,96,100,7.81
469,Talcahuano,CL,2022-04-13 19:38:43,-36.7167,-73.1167,64.08,55,0,17.27
470,Okhotsk,RU,2022-04-13 19:38:43,59.3833,143.3,7.12,75,95,14.54
471,Tambura,SS,2022-04-13 19:38:43,5.6,27.4667,74.89,68,16,0.29
472,Usinsk,RU,2022-04-13 19:38:44,65.9939,57.5281,33.31,99,100,9.44
473,Lehi,US,2022-04-13 19:34:04,40.3916,-111.8508,40.1,49,100,10.0
474,Manokwari,ID,2022-04-13 19:38:44,-0.8667,134.0833,78.26,82,100,5.32
475,Port Augusta,AU,2022-04-13 19:38:44,-32.5,137.7667,64.74,40,57,4.52
476,Muros,ES,2022-04-13 19:38:45,42.7762,-9.0603,58.68,81,43,7.67
477,Xining,CN,2022-04-13 19:38:45,36.6167,101.7667,35.78,64,93,2.89
478,Yurimaguas,PE,2022-04-13 19:38:02,-5.9,-76.0833,80.76,83,75,5.75
479,Kampong Chhnang,KH,2022-04-13 19:38:45,12.1667,104.55,80.85,73,83,2.39
480,Togitsu,JP,2022-04-13 19:38:46,32.8333,129.85,61.99,82,100,7.78
481,Yamasaki,JP,2022-04-13 19:38:46,35.0,134.55,61.34,94,100,4.43
482,Bonthe,SL,2022-04-13 19:38:46,7.5264,-12.505,78.93,85,60,10.98
483,Pevek,RU,2022-04-13 19:38:47,69.7008,170.3133,-2.61,93,69,1.05
484,Kapuskasing,CA,2022-04-13 19:38:47,49.4169,-82.4331,42.89,45,75,12.66
485,Suntar,RU,2022-04-13 19:38:47,62.1444,117.6319,28.67,96,100,11.07
486,Srandakan,ID,2022-04-13 19:37:09,-7.9386,110.2506,75.72,87,18,4.18
487,Ostersund,SE,2022-04-13 19:38:48,63.1792,14.6357,39.65,65,0,8.05
488,Jalu,LY,2022-04-13 19:38:48,29.0331,21.5482,69.51,20,31,11.99
489,Pangnirtung,CA,2022-04-13 19:38:48,66.1451,-65.7125,1.4,78,75,4.61
490,Harwich,GB,2022-04-13 19:38:49,51.9419,1.2844,58.17,76,55,1.01
491,Jacareacanga,BR,2022-04-13 19:38:49,-6.2222,-57.7528,81.7,89,100,2.64
492,Lahaina,US,2022-04-13 19:38:50,20.8783,-156.6825,81.64,78,30,6.53
493,Mountain Home,US,2022-04-13 19:38:50,43.133,-115.6912,38.68,100,75,13.8
494,Dabrowa Tarnowska,PL,2022-04-13 19:34:21,50.1746,20.9863,47.88,60,2,7.38
495,Rio Grande,BR,2022-04-13 19:38:50,-32.035,-52.0986,75.31,58,83,11.36
496,Oksfjord,NO,2022-04-13 19:38:51,70.2396,22.3479,33.98,90,96,4.85
497,Baft,IR,2022-04-13 19:38:51,29.234,56.6057,59.47,36,77,3.11
498,Sitka,US,2022-04-13 19:37:24,57.0531,-135.33,42.69,24,0,10.36
499,Beloha,MG,2022-04-13 19:38:52,-25.1667,45.05,75.85,76,97,4.41
500,Tygda,RU,2022-04-13 19:38:52,53.1167,126.3333,23.77,52,4,6.62
501,Wajir,KE,2022-04-13 19:38:52,1.7471,40.0573,79.05,70,83,17.13
502,Wamba,NG,2022-04-13 19:38:53,8.9333,8.6,82.49,59,86,1.23
503,Neiafu,TO,2022-04-13 19:39:53,-18.65,-173.9833,74.08,94,20,0.0
504,Hambantota,LK,2022-04-13 19:39:53,6.1241,81.1185,79.56,84,90,11.27
505,Roura,GF,2022-04-13 19:39:54,4.7263,-52.3274,82.31,74,75,14.97
506,Saint Anthony,US,2022-04-13 19:38:11,45.0205,-93.218,37.65,78,100,17.27
507,Mogadishu,SO,2022-04-13 19:39:54,2.0371,45.3438,82.42,77,99,14.72
508,Lazarev,RU,2022-04-13 19:39:54,52.225,141.5131,9.32,94,55,5.93
509,Salinopolis,BR,2022-04-13 19:39:55,-0.6136,-47.3561,79.83,86,100,9.46
510,Saravan,AM,2022-04-13 19:39:55,39.7196,45.6483,29.39,77,47,2.86
511,Qurayyat,SA,2022-04-13 19:39:55,31.3318,37.3428,64.58,22,0,11.5
512,Dalby,AU,2022-04-13 19:39:56,-27.1833,151.2667,58.98,91,15,9.78
513,Kankon,IN,2022-04-13 19:39:56,15.0167,74.0167,81.95,80,65,9.42
514,Umm Lajj,SA,2022-04-13 19:39:56,25.0213,37.2685,75.51,61,3,7.43
515,Shimoga,IN,2022-04-13 19:39:57,13.9167,75.5667,76.15,78,100,2.55
516,Hearst,CA,2022-04-13 19:39:57,49.6835,-83.6665,41.25,72,99,11.36
517,Botwood,CA,2022-04-13 19:39:57,49.1499,-55.3482,38.89,84,100,13.78
518,Nuuk,GL,2022-04-13 19:39:58,64.1835,-51.7216,29.01,86,40,15.01
519,Gladstone,AU,2022-04-13 19:39:58,-23.85,151.25,71.53,73,100,6.91
520,Sao Filipe,CV,2022-04-13 19:39:58,14.8961,-24.4956,70.43,79,9,12.08
521,Bagdarin,RU,2022-04-13 19:39:58,54.4333,113.6,11.98,91,52,4.12
522,Neftegorsk,RU,2022-04-13 19:39:59,52.802,51.166,51.28,83,95,15.43
523,Svetlogorsk,BY,2022-04-13 19:39:59,52.6333,29.7333,38.19,83,40,7.49
524,Koplik,AL,2022-04-13 19:39:59,42.2136,19.4364,56.8,78,43,1.36
525,Hariana,IN,2022-04-13 19:40:00,31.6378,75.8408,78.58,21,94,4.25
526,Comodoro Rivadavia,AR,2022-04-13 19:40:00,-45.8667,-67.5,69.66,37,0,16.11
527,Kailua,US,2022-04-13 19:39:36,21.4022,-157.7394,80.58,70,74,7.0
528,Thunder Bay,CA,2022-04-13 19:40:01,48.4001,-89.3168,40.28,68,100,27.63
529,Bowen,AU,2022-04-13 19:40:01,-20.0167,148.2333,75.99,72,54,14.25
530,Mardin,TR,2022-04-13 19:40:01,37.3131,40.7436,38.59,30,0,11.72
531,Aldan,RU,2022-04-13 19:40:02,58.6031,125.3894,19.87,96,100,6.49
532,Gwadar,PK,2022-04-13 19:40:02,25.1216,62.3254,79.9,73,2,6.58
533,Arica,CL,2022-04-13 19:37:17,-18.475,-70.3042,76.55,56,0,12.66
534,Weligama,LK,2022-04-13 19:37:16,5.9667,80.4167,78.37,87,99,6.42
535,Polonnaruwa,LK,2022-04-13 19:40:03,7.9333,81.0,75.34,93,96,3.24
536,Laguna,US,2022-04-13 19:35:24,38.421,-121.4238,62.44,45,20,5.75
537,Gashua,NG,2022-04-13 19:40:03,12.871,11.0482,93.27,19,29,6.69
538,General Roca,AR,2022-04-13 19:40:04,-39.0333,-67.5833,68.7,21,0,1.77
539,Buchanan,LR,2022-04-13 19:40:04,5.8808,-10.0467,80.02,86,87,9.98
540,San Francisco,US,2022-04-13 19:35:28,37.7749,-122.4194,60.03,61,75,12.66
541,Ahipara,NZ,2022-04-13 19:35:16,-35.1667,173.1667,61.88,70,94,12.12
542,San Carlos De Bariloche,AR,2022-04-13 19:40:05,-41.1456,-71.3082,64.15,22,0,4.61
543,Florianopolis,BR,2022-04-13 19:40:05,-27.6146,-48.5012,74.43,80,75,12.66
544,Poum,NC,2022-04-13 19:40:06,-20.2333,164.0167,76.24,75,7,6.58
545,Zastron,ZA,2022-04-13 19:40:06,-30.3023,27.084,55.63,62,2,2.71
546,Felanitx,ES,2022-04-13 19:40:06,39.4696,3.1483,58.95,92,100,20.96
547,Vanderhoof,CA,2022-04-13 19:38:02,54.0166,-124.0198,28.74,31,25,6.22
548,Jaworzno,PL,2022-04-13 19:40:07,50.2053,19.275,52.88,58,7,7.07
549,Coleraine,GB,2022-04-13 19:36:55,55.1333,-6.6667,53.51,94,100,4.23
550,Mokobeng,BW,2022-04-13 19:40:07,-22.9965,27.6678,74.39,42,9,4.36
551,Mount Gambier,AU,2022-04-13 19:41:08,-37.8333,140.7667,49.91,93,99,9.22
552,Kimry,RU,2022-04-13 19:41:08,56.8667,37.35,29.89,95,41,5.1
553,Avera,US,2022-04-13 19:41:08,33.194,-82.5271,80.11,46,98,12.33
554,Hovd,MN,2022-04-13 19:41:09,48.0056,91.6419,23.29,40,100,4.5
555,Oistins,BB,2022-04-13 19:41:09,13.0667,-59.5333,84.29,58,20,24.16
